idx,classical_chamfer_l2,classical_chamfer_l1,classical_hausdorff,classical_hausdorff95,classical_normal_consistency,global_chamfer_l2,global_chamfer_l1,global_hausdorff,global_hausdorff95,global_normal_consistency,learned_chamfer_l2,learned_chamfer_l1,learned_hausdorff,learned_hausdorff95,learned_normal_consistency
0,0.008072800934314728,0.03405807912349701,0.3206191107374519,0.24880455434322357,0.9111098647117615,0.0068360790610313416,0.029206112027168274,0.3195216953928977,0.2274473011493683,0.916312575340271,0.00594521826133132,0.025944989174604416,0.3208029295502471,0.21330462396144867,0.9284079670906067
1,0.000992717919871211,0.016133129596710205,0.1371755326249767,0.041474856436252594,0.9411261677742004,0.0008882309775799513,0.014583280310034752,0.1371796604427813,0.04469392076134682,0.9314061999320984,0.00046845071483403444,0.011095324531197548,0.12828921982126176,0.024840503931045532,0.973792552947998
2,0.003792126663029194,0.021466251462697983,0.25068065253725363,0.1570502370595932,0.9191475510597229,0.0033534581307321787,0.02048361673951149,0.2516986389698139,0.1423845887184143,0.9156988263130188,0.0015232434961944818,0.01448739692568779,0.2144530384918205,0.08928587287664413,0.9577378630638123
3,0.018327094614505768,0.03623148426413536,0.5742624486787059,0.3886761963367462,0.9552015662193298,0.015885835513472557,0.03242414444684982,0.5724682758320381,0.36267685890197754,0.9618913531303406,0.007014833390712738,0.01847272366285324,0.5626103769727231,0.18201683461666107,0.9789987802505493
4,0.004473069217056036,0.02385326474905014,0.33825972138368054,0.14760816097259521,0.9644913673400879,0.0035316050052642822,0.020962722599506378,0.3407590969603818,0.11765290051698685,0.9573842287063599,0.0017271077958866954,0.013225574046373367,0.324172970400779,0.05381082370877266,0.977813720703125
5,0.0035179518163204193,0.02425876259803772,0.2762645220715367,0.11018577963113785,0.9521047472953796,0.0028252648189663887,0.019743382930755615,0.2762645220715367,0.06496791541576385,0.9534972310066223,0.001800870057195425,0.016224510967731476,0.27034581150022524,0.02856617234647274,0.974077582359314
6,0.00417324947193265,0.023677224293351173,0.2774698749720928,0.16185906529426575,0.9356921911239624,0.003629263024777174,0.022077254951000214,0.2763797096677589,0.1417890191078186,0.9322834610939026,0.003687330288812518,0.021192152053117752,0.2769832013670685,0.14922809600830078,0.9426162838935852
7,0.007731739431619644,0.02577877789735794,0.43617490641315854,0.21696695685386658,0.9529931545257568,0.006041903048753738,0.023472554981708527,0.43500536454937777,0.1793871968984604,0.9438915848731995,0.003188920207321644,0.016934091225266457,0.391541131510458,0.11544769257307053,0.9680257439613342
8,0.003438807325437665,0.021729689091444016,0.301273500487458,0.15440325438976288,0.9520679712295532,0.002860364271327853,0.020863723009824753,0.2974432976965858,0.11694501340389252,0.9335677623748779,0.0015910733491182327,0.014708684757351875,0.2931080804752827,0.07273528724908829,0.9645623564720154
9,0.0022091297432780266,0.019308246672153473,0.19274712936698027,0.12403232604265213,0.9645283222198486,0.001762334955856204,0.017014119774103165,0.19064741159238172,0.11045239120721817,0.9653551578521729,0.0008875996572896838,0.012585011310875416,0.18543056054690268,0.05026999115943909,0.980287492275238
10,0.00394166074693203,0.026472054421901703,0.22963680012690615,0.1562645435333252,0.9419933557510376,0.003245904576033354,0.02233314700424671,0.22982543935911154,0.14222630858421326,0.9438432455062866,0.004374754149466753,0.026825569570064545,0.2199665031074478,0.14564962685108185,0.923467755317688
11,0.0021594904828816652,0.021241700276732445,0.20432455484390075,0.07583720982074738,0.9566861987113953,0.0018616188317537308,0.018779495730996132,0.20254257037252774,0.05875775218009949,0.9504187107086182,0.000913717201910913,0.013383138924837112,0.19592159663003467,0.025657033547759056,0.9800126552581787
12,0.014591153711080551,0.03641718253493309,0.5110066533318078,0.3425106108188629,0.9467601180076599,0.011442868039011955,0.03202991560101509,0.50530928818927,0.3135562241077423,0.9508305191993713,0.005255713127553463,0.020672164857387543,0.4673819287264256,0.1427146941423416,0.9669889211654663
13,0.010166781023144722,0.028357405215501785,0.512727921675026,0.24118037521839142,0.9650900363922119,0.008164489641785622,0.024882612749934196,0.515455304745486,0.19513030350208282,0.9659550786018372,0.0038167943712323904,0.015835093334317207,0.47938191375322414,0.10288847982883453,0.9777485132217407
14,0.005288536660373211,0.0319163054227829,0.26012491890971556,0.17935024201869965,0.8431386351585388,0.004156329669058323,0.026935115456581116,0.26088147961146335,0.15329979360103607,0.8635090589523315,0.0027871341444551945,0.02287270873785019,0.2507861561755793,0.07474375516176224,0.8535826802253723
15,0.00982851441949606,0.02662951871752739,0.49110135321658865,0.2435758262872696,0.9619214534759521,0.007866223342716694,0.021854639053344727,0.49110135321658865,0.16701681911945343,0.9676101207733154,0.004612334072589874,0.01731695421040058,0.48557334760219667,0.03443516790866852,0.9685884714126587
16,0.007893388159573078,0.027488717809319496,0.40719231111578164,0.21216696500778198,0.9294105172157288,0.006994870491325855,0.025237124413251877,0.4076828995485585,0.1851046085357666,0.9406409859657288,0.003665363183245063,0.018549300730228424,0.3519667949837288,0.1526535302400589,0.9646120071411133
17,0.005204911809414625,0.0251273512840271,0.31371063335006383,0.20204226672649384,0.9617712497711182,0.003993561957031488,0.02232273668050766,0.307992578975184,0.17258518934249878,0.9557891488075256,0.0018473133677616715,0.014557665213942528,0.2915917013536055,0.0718381330370903,0.971643328666687
18,0.008890287950634956,0.032016053795814514,0.4211651339917561,0.23345452547073364,0.8892600536346436,0.007547174114733934,0.028634972870349884,0.41810220744643534,0.21326901018619537,0.901797354221344,0.004470403306186199,0.022710833698511124,0.4107790623400197,0.11026518046855927,0.8955413103103638
19,0.008884619921445847,0.03475182503461838,0.36562012889258194,0.2582502067089081,0.9050764441490173,0.007563347462564707,0.031907930970191956,0.3587090292407007,0.23851408064365387,0.8868705034255981,0.0059014661237597466,0.0265372134745121,0.3562844109228957,0.2067655622959137,0.9044209718704224
20,0.01730865053832531,0.03396753594279289,0.6825647293039045,0.3402818739414215,0.9493585824966431,0.016069144010543823,0.032165318727493286,0.6825647293039045,0.32852065563201904,0.9379243850708008,0.007758749183267355,0.018223753198981285,0.6704879460001547,0.1493990272283554,0.9730433225631714
21,0.006243835669010878,0.028313707560300827,0.3546775774471068,0.19973331689834595,0.9380675554275513,0.0059553226456046104,0.027597874402999878,0.3525865686590212,0.1854536533355713,0.9186741709709167,0.005166048649698496,0.02165687456727028,0.3454200641827747,0.18186524510383606,0.9428000450134277
22,0.006363295018672943,0.03664631024003029,0.2751422465420301,0.15015125274658203,0.8883556127548218,0.004978235345333815,0.030553195625543594,0.2751422465420301,0.12608405947685242,0.8729947209358215,0.003440320026129484,0.02416181191802025,0.27462422478626763,0.10669699311256409,0.8682534694671631
23,0.004873230587691069,0.022451460361480713,0.2813132400409734,0.19177934527397156,0.9403243660926819,0.004058807156980038,0.02054249495267868,0.2813036125794625,0.18264411389827728,0.9342647194862366,0.003592828754335642,0.018309248611330986,0.27993021029285425,0.17034205794334412,0.9413197040557861
24,0.003927373792976141,0.023786794394254684,0.26173901835288627,0.13428574800491333,0.943983793258667,0.0036069629713892937,0.021805720403790474,0.26173901835288627,0.11171882599592209,0.9438638687133789,0.0035253437235951424,0.021560747176408768,0.26173901835288627,0.12369490414857864,0.9530011415481567
25,0.005130684934556484,0.028835920616984367,0.33227565969979,0.1493605077266693,0.9311724305152893,0.004166310653090477,0.024771079421043396,0.33312502948696443,0.09119349718093872,0.930187463760376,0.0026040778029710054,0.019888754934072495,0.31567900875410465,0.053542397916316986,0.9486761689186096
26,0.0077062989585101604,0.02583373710513115,0.43116134685996627,0.21387815475463867,0.9648973345756531,0.006212930660694838,0.020665820688009262,0.4293255755590407,0.19433575868606567,0.9728847146034241,0.0029241612646728754,0.01403808407485485,0.4145069076632031,0.09066113084554672,0.9778676629066467
27,0.0039778174832463264,0.02603844553232193,0.2521680905508226,0.15360760688781738,0.9434823989868164,0.0034654538612812757,0.022915445268154144,0.25265193107466416,0.1276320517063141,0.937102735042572,0.003115651663392782,0.019387580454349518,0.2530552762160055,0.13622312247753143,0.9564087390899658
28,0.0036447469610720873,0.02380211092531681,0.25682920729953385,0.15550510585308075,0.9588771462440491,0.00330457859672606,0.022981319576501846,0.25682920729953385,0.13657502830028534,0.9484456777572632,0.0015435947570949793,0.013990646228194237,0.2562358939544935,0.06676697731018066,0.9775686264038086
29,0.0060851373709738255,0.031289707869291306,0.31579285492258025,0.18623720109462738,0.9095861911773682,0.0054833246394991875,0.02949480712413788,0.31452307308159516,0.144566610455513,0.8983861207962036,0.005351938307285309,0.027934592217206955,0.31752926308650636,0.1592988520860672,0.9117895364761353
30,0.010217428207397461,0.03172193467617035,0.48293542747600837,0.25387802720069885,0.897040605545044,0.008602079935371876,0.02785404957830906,0.48293542747600837,0.232098788022995,0.9037644267082214,0.004612975288182497,0.020571500062942505,0.4804003597060452,0.1227649450302124,0.9150675535202026
31,0.008231470361351967,0.026439055800437927,0.44962332378262715,0.22585564851760864,0.944540798664093,0.006392842158675194,0.02200518175959587,0.44655924825905924,0.1388971209526062,0.9439006447792053,0.003966604359447956,0.019906654953956604,0.43982633214039896,0.03901893272995949,0.9465054273605347
32,0.0079034473747015,0.0431402325630188,0.27715563774836977,0.14717723429203033,0.8704296946525574,0.007294186856597662,0.03892610967159271,0.2768173460640629,0.13940724730491638,0.8601647019386292,0.0070341709069907665,0.03718988597393036,0.2698830644278124,0.1380530148744583,0.886928379535675
33,0.0036693827714771032,0.02329545095562935,0.28281411386524674,0.1401369273662567,0.958231508731842,0.002890099072828889,0.021535255014896393,0.281813467693719,0.09446176886558533,0.9505358934402466,0.0012748587178066373,0.01416226476430893,0.2697783733220294,0.04254589602351189,0.9675498008728027
34,0.009709848091006279,0.03549567610025406,0.41010749163776344,0.25292402505874634,0.8957507610321045,0.008441897109150887,0.03151630610227585,0.409253389189522,0.24820969998836517,0.9076390266418457,0.006001656875014305,0.02728578820824623,0.3783980235104124,0.2134370058774948,0.9091154336929321
35,0.009329725988209248,0.03355886787176132,0.4114812611175447,0.24484708905220032,0.9248533248901367,0.00799324456602335,0.031143518164753914,0.4115765639141877,0.1711837500333786,0.9131390452384949,0.0076196701265871525,0.02537062019109726,0.41095068152575726,0.20012451708316803,0.9473580718040466
36,0.007205205038189888,0.027398280799388885,0.42042171094657776,0.20915968716144562,0.9492501616477966,0.005629910621792078,0.02297421544790268,0.4183965614810298,0.12454430758953094,0.9440690875053406,0.0028846298810094595,0.016258254647254944,0.4190564130530182,0.03240472450852394,0.9726238250732422
37,0.00483340909704566,0.020182188600301743,0.3455151299995048,0.1814684271812439,0.9815845489501953,0.003929981030523777,0.017431428655982018,0.3462948772288628,0.13804276287555695,0.9878370761871338,0.0020856293849647045,0.013166829943656921,0.3327742509846529,0.03007306344807148,0.9890781044960022
38,0.015387364663183689,0.03654886782169342,0.5981492894820308,0.31994345784187317,0.9232595562934875,0.01451152190566063,0.03541989624500275,0.5982493281522072,0.3115234971046448,0.9296499490737915,0.00747640198096633,0.02456679195165634,0.5802652846989511,0.15775273740291595,0.9342220425605774
39,0.010169174522161484,0.028015533462166786,0.5414788091569154,0.2569896876811981,0.934116005897522,0.008730306290090084,0.024481145665049553,0.5414788091569154,0.20286066830158234,0.9403859972953796,0.0045266528613865376,0.01764294132590294,0.5398733702288557,0.03771478682756424,0.9586853384971619
40,0.001482333755120635,0.017289582639932632,0.13404364623363094,0.09169520437717438,0.9576575756072998,0.0014148905174806714,0.017542019486427307,0.13315269432880072,0.08574998378753662,0.9511181116104126,0.0006382912397384644,0.011396830901503563,0.12890741318842577,0.04655597358942032,0.9749878644943237
41,0.010423235595226288,0.030847273766994476,0.4269462885051893,0.2677340507507324,0.8769310116767883,0.009938583709299564,0.030078135430812836,0.4270594946868434,0.2488963007926941,0.8618710041046143,0.009698683395981789,0.027475513517856598,0.4254470528552416,0.25628554821014404,0.9038132429122925
42,0.008299292996525764,0.02729998156428337,0.41654769470507375,0.22366242110729218,0.9677124619483948,0.006581529509276152,0.023261573165655136,0.418928897420482,0.21816641092300415,0.9736329913139343,0.004529975354671478,0.019767653197050095,0.41008765237372674,0.19085049629211426,0.9735648036003113
43,0.004654918797314167,0.025326430797576904,0.34949419052796726,0.14950983226299286,0.9527294635772705,0.003832187969237566,0.023728420957922935,0.3469622145804043,0.09386808425188065,0.9452701807022095,0.0020800242200493813,0.01612819731235504,0.3367107164703545,0.07711418718099594,0.9667589664459229
44,0.0073691122233867645,0.03352361544966698,0.385469286995194,0.20849013328552246,0.8482785820960999,0.005700815003365278,0.02761618234217167,0.385469286995194,0.1789863109588623,0.8329774141311646,0.003720636013895273,0.024458952248096466,0.3855234032687588,0.08260904252529144,0.8557062149047852
45,0.003329416736960411,0.02802158147096634,0.20534375562480617,0.11378082633018494,0.9362339377403259,0.0029703848995268345,0.024906551465392113,0.2065288277332622,0.08704419434070587,0.9223507642745972,0.001264440594241023,0.016598645597696304,0.18428008659193498,0.04997209459543228,0.9694514274597168
46,0.008670606650412083,0.032418303191661835,0.4073740922918329,0.25040313601493835,0.9244167804718018,0.006893772631883621,0.028358150273561478,0.40186468324722885,0.23164761066436768,0.8991750478744507,0.005051285028457642,0.023904526606202126,0.39208511216668523,0.19904565811157227,0.9263260364532471
47,0.0034530009143054485,0.0221792533993721,0.27097519802603975,0.13281609117984772,0.9511278867721558,0.0028061221819370985,0.01904745027422905,0.27097519802603975,0.08495540171861649,0.9511033892631531,0.0017243563197553158,0.015030000358819962,0.2710070908523176,0.03287080302834511,0.9705480933189392
48,0.010818281210958958,0.030596738681197166,0.5026439558760335,0.26144111156463623,0.9451355338096619,0.00916046928614378,0.026679271832108498,0.5016785401251947,0.24047541618347168,0.9464554190635681,0.004483788274228573,0.016867656260728836,0.4992853660492625,0.11454152315855026,0.9775710701942444
49,0.012940246611833572,0.03432903438806534,0.6053326115297574,0.2137335240840912,0.9310092329978943,0.012489576824009418,0.03258620202541351,0.6053326115297574,0.21342262625694275,0.9297468662261963,0.006457224953919649,0.021994365379214287,0.5940030713082234,0.10609057545661926,0.9437276124954224
50,0.0032880615908652544,0.020994704216718674,0.27242779273784085,0.12415468692779541,0.967206597328186,0.0030244519002735615,0.019629959017038345,0.27242779273784085,0.10821471363306046,0.967970073223114,0.0018146878574043512,0.01641870103776455,0.266650171005642,0.05241303890943527,0.9754802584648132
51,0.005413596518337727,0.020170005038380623,0.33812990701538137,0.19784805178642273,0.9701967239379883,0.005373773165047169,0.020428456366062164,0.33812990701538137,0.19011783599853516,0.9565364718437195,0.0051629371009767056,0.01907569169998169,0.3289675114136255,0.1947101652622223,0.9764969348907471
52,0.011886460706591606,0.030785446986556053,0.4863958962646963,0.30796018242836,0.9688762426376343,0.009730082005262375,0.027031850069761276,0.4863958962646963,0.2781112790107727,0.9637879729270935,0.004770859610289335,0.01777183637022972,0.47688770142285236,0.13222411274909973,0.9739083051681519
53,0.003252805909141898,0.024725060909986496,0.25652477140328156,0.08900323510169983,0.9493952989578247,0.00282633607275784,0.021435100585222244,0.25652477140328156,0.08241841197013855,0.9406101107597351,0.0013301715953275561,0.014680160209536552,0.247323498273347,0.03271302208304405,0.9742798805236816
54,0.011100433766841888,0.04159841313958168,0.4033485384247746,0.26929420232772827,0.8859878778457642,0.009449055418372154,0.03681427240371704,0.4033485384247746,0.253426194190979,0.8772056698799133,0.007431514095515013,0.0321858748793602,0.3971440882335373,0.2144145518541336,0.8878376483917236
55,0.0034340927377343178,0.027296122163534164,0.2304754741140385,0.10946104675531387,0.9384800791740417,0.0028700795955955982,0.022760653868317604,0.22845014628461804,0.07415299117565155,0.9405204057693481,0.0017077528173103929,0.01871659606695175,0.22351550894570563,0.03539063781499863,0.9640469551086426
56,0.00315714068710804,0.018357308581471443,0.267078252955802,0.12758663296699524,0.9716991782188416,0.002707475097849965,0.01634098030626774,0.2663147749706289,0.0989968329668045,0.9756675362586975,0.0016790174413472414,0.013062659651041031,0.25755506725273447,0.027268381789326668,0.9798036813735962
57,0.012670169584453106,0.03298000991344452,0.4600067763762372,0.3103415369987488,0.9223241806030273,0.011539311148226261,0.03099113516509533,0.4600067763762372,0.2987922430038452,0.9048101305961609,0.009041824378073215,0.024190038442611694,0.4374481408854823,0.2714434564113617,0.9444732069969177
58,0.011783231981098652,0.03046775422990322,0.45121168811396495,0.31734639406204224,0.9669473171234131,0.011158918030560017,0.03078411892056465,0.44963187419100215,0.30512169003486633,0.9617840647697449,0.005094435997307301,0.017140107229351997,0.42941379499570237,0.14967940747737885,0.9850378632545471
59,0.004148992709815502,0.029335353523492813,0.24495640074820885,0.15643984079360962,0.9016691446304321,0.003465230343863368,0.02513067238032818,0.24495640074820885,0.14331984519958496,0.8999409079551697,0.002778848400339484,0.022820519283413887,0.24865455981825108,0.12935343384742737,0.915226936340332
60,0.006104979198426008,0.02691308781504631,0.38270621867972254,0.1940014809370041,0.9611181616783142,0.004781027790158987,0.023593470454216003,0.3801503158965398,0.16333812475204468,0.9447945952415466,0.0024143257178366184,0.014706229791045189,0.38035761719948497,0.07211916893720627,0.9779379367828369
61,0.0021692407317459583,0.020130055025219917,0.22645053069830978,0.08942046761512756,0.9393681287765503,0.0018641912611201406,0.01824307069182396,0.22645053069830978,0.048987168818712234,0.9263421893119812,0.000926296750549227,0.012042677029967308,0.22339507547174273,0.026912812143564224,0.9635694026947021
62,0.007165519520640373,0.03046651929616928,0.36029110119577,0.20847076177597046,0.9526039958000183,0.006245972588658333,0.02900608815252781,0.36368202334625316,0.20526868104934692,0.9486278295516968,0.004026482347398996,0.02131154201924801,0.33827170343121316,0.18193969130516052,0.9755663871765137
63,0.009248808026313782,0.03067115880548954,0.48247146351583226,0.228826105594635,0.9481092691421509,0.007751296274363995,0.02884535863995552,0.484395688138123,0.18036973476409912,0.9447806477546692,0.0040740929543972015,0.020306279882788658,0.4657346858692479,0.1347918063402176,0.961273193359375
64,0.005228892900049686,0.030965888872742653,0.2803625171270361,0.17440016567707062,0.9024513363838196,0.003940115682780743,0.025483211502432823,0.277915271698817,0.1515173763036728,0.9170737862586975,0.002992736641317606,0.023693708702921867,0.2740213020225184,0.09340956807136536,0.9186334609985352
65,0.013150203041732311,0.04148023575544357,0.46071336436945226,0.2754640281200409,0.9009667038917542,0.011888284236192703,0.0372067391872406,0.46071336436945226,0.26933351159095764,0.892458975315094,0.010808895342051983,0.034865524619817734,0.44848043056840436,0.2505902647972107,0.8970624804496765
66,0.011915967799723148,0.03721077740192413,0.39509155597604084,0.30780789256095886,0.9349514245986938,0.009987708181142807,0.03347219526767731,0.39509155597604084,0.28053340315818787,0.9265151023864746,0.008381742052733898,0.0270125363022089,0.3948367229843259,0.24847033619880676,0.9484739303588867
67,0.002142129000276327,0.020418420433998108,0.17350241331241456,0.1172311007976532,0.9590683579444885,0.0017475581262260675,0.018315661698579788,0.17363342890077563,0.10027538985013962,0.953105628490448,0.0008343060035258532,0.011931121349334717,0.1729222384861164,0.04186469689011574,0.9763162136077881
68,0.006943880580365658,0.02740084007382393,0.3402356814546609,0.23539267480373383,0.968963086605072,0.005928973667323589,0.025315823033452034,0.3402356814546609,0.21404434740543365,0.9655798673629761,0.002837414387613535,0.015721676871180534,0.3387321510926433,0.10755951702594757,0.975404679775238
69,0.0030429232865571976,0.024229831993579865,0.23980824738957954,0.08613220602273941,0.9446651935577393,0.002777300076559186,0.02234605699777603,0.23727252726584225,0.0715240091085434,0.9366196990013123,0.001493306364864111,0.014771727845072746,0.2247099278150175,0.052146051079034805,0.9643411636352539
70,0.0020053673069924116,0.017179761081933975,0.2193091687846059,0.08636818826198578,0.9643332958221436,0.0016642758855596185,0.01540307141840458,0.2183573383243141,0.04556696489453316,0.9595681428909302,0.0010588372824713588,0.012514601461589336,0.21103002143907837,0.024497048929333687,0.9727917909622192
71,0.007059087045490742,0.027348093688488007,0.4117090169780424,0.2157181054353714,0.9244874715805054,0.00641358457505703,0.02588900923728943,0.4149870536979441,0.19521330296993256,0.9321343302726746,0.0027536689303815365,0.017918528988957405,0.3461611563698252,0.09368237853050232,0.9653500914573669
72,0.013134397566318512,0.036105357110500336,0.475041008735047,0.32643043994903564,0.9149269461631775,0.010617571882903576,0.029975004494190216,0.4763670192091028,0.29573458433151245,0.9243398308753967,0.0054650926031172276,0.02218964882194996,0.4514403597104618,0.1385776549577713,0.92380291223526
73,0.019909610971808434,0.04023006930947304,0.6600783488340627,0.3670293092727661,0.935280442237854,0.017468111589550972,0.036518801003694534,0.6600783488340627,0.3418029546737671,0.9417316317558289,0.008952036499977112,0.024784743785858154,0.6510760844987658,0.166078120470047,0.9433504939079285
74,0.01844065636396408,0.042237527668476105,0.6440892177631655,0.3360871374607086,0.8559983968734741,0.017964757978916168,0.04126078262925148,0.642478471350765,0.3342569172382355,0.847504198551178,0.011185424402356148,0.033388204872608185,0.604040911072123,0.2791210412979126,0.8587298393249512
75,0.005992435850203037,0.024902885779738426,0.3958739293345652,0.17231954634189606,0.9605439305305481,0.0054044644348323345,0.022537002339959145,0.3958314678081254,0.1565818190574646,0.9613201022148132,0.002413475653156638,0.015069030225276947,0.37442019462041226,0.08339784294366837,0.9848943948745728
76,0.0032096076756715775,0.025588274002075195,0.1924198231217906,0.12542860209941864,0.8808119893074036,0.0029648118652403355,0.023932846263051033,0.192298996767734,0.10055890679359436,0.8695659041404724,0.0026925019919872284,0.021795254200696945,0.18977925653288497,0.11426427215337753,0.9160180687904358
77,0.01507006585597992,0.03499522805213928,0.45847022295388845,0.3618500828742981,0.956656813621521,0.012741428799927235,0.030822305008769035,0.4596930207492155,0.3390870988368988,0.9585291743278503,0.010520199313759804,0.0265814196318388,0.4550615561420097,0.30416232347488403,0.9598103165626526
78,0.006685384549200535,0.0256938636302948,0.36955528584352754,0.22379399836063385,0.9673775434494019,0.0054600597359240055,0.022922959178686142,0.3694424278499823,0.20388220250606537,0.9662457704544067,0.0026590493507683277,0.015524879097938538,0.35393577183081437,0.10162123292684555,0.981351912021637
79,0.006033870857208967,0.02594607323408127,0.3963412886376738,0.18019770085811615,0.9375179409980774,0.004897275008261204,0.02348504215478897,0.39820683103935756,0.10406067222356796,0.9249679446220398,0.002909306436777115,0.017731700092554092,0.39238421077678504,0.036248140037059784,0.9510581493377686
80,0.01669539324939251,0.035318922251462936,0.5363520884317702,0.37149152159690857,0.9685977101325989,0.013658211566507816,0.030953168869018555,0.5363520884317702,0.331676185131073,0.9703159928321838,0.0065840077586472034,0.01875540055334568,0.5330448125212004,0.1549181193113327,0.9738487005233765
81,0.004198431968688965,0.020714692771434784,0.32421341857203495,0.1590542048215866,0.9729856252670288,0.0034687111619859934,0.01800289750099182,0.3223986611167792,0.11853025108575821,0.9788867831230164,0.001988018164411187,0.014755994081497192,0.31542137300380807,0.03231733664870262,0.9750969409942627
82,0.0016308168414980173,0.018450194969773293,0.1805802434361467,0.0885625034570694,0.9481054544448853,0.0016759237041696906,0.018884705379605293,0.18316096164310133,0.07427460700273514,0.9429172873497009,0.0009889084612950683,0.013886675238609314,0.16736227152076083,0.06656824797391891,0.9723339676856995
83,0.006376880221068859,0.02747359126806259,0.34440040828692264,0.2144039124250412,0.9491293430328369,0.005502783693373203,0.026131881400942802,0.3407441412071502,0.20397333800792694,0.9458173513412476,0.002453557914122939,0.015661096200346947,0.32438829883516623,0.10456393659114838,0.9782912135124207
84,0.0028992609586566687,0.02201789803802967,0.18650953630503977,0.1338455229997635,0.946397602558136,0.002475145272910595,0.01960890367627144,0.18444328377179287,0.11952757090330124,0.9401388168334961,0.0023386068642139435,0.01752246357500553,0.20886739683381536,0.12235258519649506,0.9642271399497986
85,0.006692890543490648,0.02754468098282814,0.39419373153543985,0.192046120762825,0.9612137675285339,0.005693331826478243,0.02509881742298603,0.394021488629995,0.17797550559043884,0.9550849199295044,0.00251727644354105,0.01572573371231556,0.3767046331721729,0.07844485342502594,0.9723905324935913
86,0.005705193616449833,0.026368118822574615,0.28123962860058077,0.22048982977867126,0.9619019031524658,0.004553754813969135,0.02319997176527977,0.28122246130588324,0.20093733072280884,0.9588105082511902,0.003743184031918645,0.019651923328638077,0.2766211323629324,0.18120060861110687,0.9650348424911499
87,0.014051472768187523,0.03514111414551735,0.5341613320051036,0.3168439269065857,0.9535715579986572,0.01257420890033245,0.03327886387705803,0.5342540793774117,0.30128955841064453,0.9521209001541138,0.005338652990758419,0.018763139843940735,0.4754761994198576,0.15836405754089355,0.983611524105072
88,0.003162787761539221,0.02661099284887314,0.2246083135165135,0.08574933558702469,0.9190405011177063,0.002696894109249115,0.022382616996765137,0.2246083135165135,0.08599574118852615,0.9207663536071777,0.0015262191882357001,0.01973831281065941,0.217768656246232,0.04988742992281914,0.9513428211212158
89,0.0025813516695052385,0.019153347238898277,0.20286483793197801,0.1410764455795288,0.9468677639961243,0.0021809018217027187,0.019778534770011902,0.20295422050502876,0.12121868133544922,0.9301765561103821,0.0010603195987641811,0.012139439582824707,0.19170614026983424,0.06317280977964401,0.9727410078048706
90,0.00516118947416544,0.029662106186151505,0.2696519802434943,0.1798580437898636,0.9435166716575623,0.004870454780757427,0.029848024249076843,0.2686212630546731,0.167454794049263,0.923004686832428,0.003692922182381153,0.019812464714050293,0.2682580037340597,0.1648789495229721,0.9754845499992371
91,0.004554428160190582,0.023298611864447594,0.3383399863931784,0.16855965554714203,0.947069525718689,0.0036678144242614508,0.020921556279063225,0.3383399863931784,0.13837355375289917,0.9307827949523926,0.0018703204113990068,0.01333653461188078,0.33846372171688593,0.05421813577413559,0.9712751507759094
92,0.007916131056845188,0.02792675606906414,0.38612472301879514,0.24800540506839752,0.9377874732017517,0.006752657238394022,0.024637321010231972,0.38354620396079875,0.232359379529953,0.9466025233268738,0.0031298957765102386,0.01667740009725094,0.3557119690222704,0.11856050044298172,0.9702227115631104
93,0.002793129999190569,0.02659609168767929,0.15607250980782533,0.0869210809469223,0.92686527967453,0.0025989925488829613,0.02424047142267227,0.15607250980782533,0.08296772837638855,0.9254158139228821,0.001849007559940219,0.020000308752059937,0.15607250980782533,0.08187100291252136,0.9574034810066223
94,0.004712575580924749,0.03130819648504257,0.2537411813425028,0.10564641654491425,0.8675649166107178,0.004391060210764408,0.028930628672242165,0.2537411813425028,0.1023624911904335,0.8510159850120544,0.0020586922764778137,0.01615939848124981,0.25064027275962947,0.03644557669758797,0.9365352988243103
95,0.0021133413538336754,0.02304729074239731,0.14867743750834056,0.0640103816986084,0.9458671808242798,0.00171663798391819,0.018786482512950897,0.14867743750834056,0.06303795427083969,0.9510301351547241,0.0011267631780356169,0.01720701903104782,0.13620333247482394,0.047422513365745544,0.9665917754173279
96,0.00909279752522707,0.02633555233478546,0.454398372001821,0.2458685040473938,0.9679766297340393,0.008563571609556675,0.025897735729813576,0.45430522986459687,0.2427375763654709,0.9648579955101013,0.005404615309089422,0.019084373489022255,0.43871131169409594,0.205898717045784,0.9779371023178101
97,0.0091431038454175,0.027566872537136078,0.37634623795361416,0.26917335391044617,0.949065625667572,0.008262326009571552,0.025050949305295944,0.3768199626153899,0.26151517033576965,0.9624983072280884,0.005858113523572683,0.019906220957636833,0.33548670841045336,0.22085364162921906,0.9455673694610596
98,0.0066215223632752895,0.02516995370388031,0.4274220828943265,0.19172610342502594,0.9145523905754089,0.006178132724016905,0.023950843140482903,0.4274220828943265,0.1800859421491623,0.9247996807098389,0.0028145669493824244,0.015413118526339531,0.40783587275500294,0.08440844714641571,0.9564210772514343
99,0.01802622154355049,0.030611813068389893,0.6321126812320477,0.3864506483078003,0.950819730758667,0.017617713660001755,0.030058138072490692,0.6317695924810146,0.37550514936447144,0.9358546733856201,0.016373654827475548,0.028363974764943123,0.611546169797848,0.36442670226097107,0.9600174427032471
